FailureRate,UseCost,ComputerRate,NetworkTime
0.0000001,0.92,5400,0.123
0.0000002,0.57,4800,0.453
0.000001,1.14,8500,0.914
0.0000005,0.78,6100,0.35
0.0000008,0.67,12000,1.212
0.000009,0.1,400,2.415
